{
  "css": {
    "properties": {
      "-ms-scrollbar-highlight-color": {
        "__compat": {
          "mdn_url": "https://developer.mozilla.org/docs/Web/CSS/-ms-scrollbar-highlight-color",
          "support": {
            "chrome": {
              "version_added": false
            },
            "chrome_android": {
              "version_added": false
            },
            "edge": {
              "version_added": false
            },
            "edge_mobile": {
              "version_added": false
            },
            "firefox": {
              "version_added": false
            },
            "firefox_android": {
              "version_added": false
            },
            "ie": {
              "version_added": "5",
              "version_removed": true
            },
            "opera": {
              "version_added": false
            },
            "opera_android": {
              "version_added": false
            },
            "qq_android": {
              "version_added": false
            },
            "safari": {
              "version_added": false
            },
            "safari_ios": {
              "version_added": false
            },
            "samsunginternet_android": {
              "version_added": false
            },
            "uc_android": {
              "version_added": false
            },
            "uc_chinese_android": {
              "version_added": false
            },
            "webview_android": {
              "version_added": false
            }
          },
          "status": {
            "deprecated": true,
            "experimental": false,
            "standard_track": false
          }
        }
      }
    }
  }
}
