{
  "css": {
    "properties": {
      "-webkit-text-stroke": {
        "__compat": {
          "mdn_url": "https://developer.mozilla.org/docs/Web/CSS/-webkit-text-stroke",
          "support": {
            "chrome": {
              "version_added": "4"
            },
            "chrome_android": {
              "version_added": "18"
            },
            "edge": {
              "version_added": "15"
            },
            "edge_mobile": {
              "version_added": "15"
            },
            "firefox": [
              {
                "version_added": "49"
              },
              {
                "version_added": "48",
                "flags": [
                  {
                    "type": "preference",
                    "name": "layout.css.prefixes.webkit",
                    "value_to_set": "true"
                  }
                ]
              }
            ],
            "firefox_android": [
              {
                "version_added": "49"
              },
              {
                "version_added": "48",
                "flags": [
                  {
                    "type": "preference",
                    "name": "layout.css.prefixes.webkit",
                    "value_to_set": "true"
                  }
                ]
              }
            ],
            "ie": {
              "version_added": false
            },
            "opera": {
              "version_added": "15"
            },
            "opera_android": {
              "version_added": "36"
            },
            "safari": {
              "version_added": "3.1"
            },
            "safari_ios": {
              "version_added": "4"
            },
            "webview_android": {
              "version_added": "4"
            }
          },
          "status": {
            "experimental": false,
            "standard_track": false,
            "deprecated": false
          }
        }
      }
    }
  }
}
