{
  "css": {
    "properties": {
      "all": {
        "__compat": {
          "mdn_url": "https://developer.mozilla.org/docs/Web/CSS/all",
          "support": {
            "chrome": {
              "version_added": "37"
            },
            "chrome_android": {
              "version_added": "37"
            },
            "edge": {
              "version_added": false
            },
            "edge_mobile": {
              "version_added": false
            },
            "firefox": {
              "version_added": "27"
            },
            "firefox_android": {
              "version_added": "27"
            },
            "ie": {
              "version_added": false
            },
            "opera": {
              "version_added": "24"
            },
            "opera_android": {
              "version_added": "24"
            },
            "safari": {
              "version_added": "9.1"
            },
            "safari_ios": {
              "version_added": "9.3"
            },
            "samsunginternet_android": {
              "version_added": "4.0"
            },
            "webview_android": {
              "version_added": "37"
            }
          },
          "status": {
            "experimental": false,
            "standard_track": true,
            "deprecated": false
          }
        },
        "revert": {
          "__compat": {
            "description": "<code>revert</code>",
            "support": {
              "chrome": {
                "version_added": false
              },
              "chrome_android": {
                "version_added": false
              },
              "edge": {
                "version_added": false
              },
              "edge_mobile": {
                "version_added": false
              },
              "firefox": {
                "version_added": false
              },
              "firefox_android": {
                "version_added": false
              },
              "ie": {
                "version_added": false
              },
              "opera": {
                "version_added": false
              },
              "opera_android": {
                "version_added": false
              },
              "safari": {
                "version_added": "9.1"
              },
              "safari_ios": {
                "version_added": "9.3"
              },
              "samsunginternet_android": {
                "version_added": false
              },
              "webview_android": {
                "version_added": false
              }
            },
            "status": {
              "experimental": false,
              "standard_track": true,
              "deprecated": false
            }
          }
        }
      }
    }
  }
}
