{
  "css": {
    "properties": {
      "background-origin": {
        "__compat": {
          "mdn_url": "https://developer.mozilla.org/docs/Web/CSS/background-origin",
          "support": {
            "chrome": [
              {
                "version_added": "1"
              },
              {
                "version_added": true,
                "prefix": "-webkit-",
                "notes": "Webkit also supports the prefixed version of this property, and in that case, in addition to the current keywords, the alternative synonyms are: <code>padding</code>, <code>border</code>, and <code>content</code>."
              }
            ],
            "chrome_android": [
              {
                "version_added": true
              },
              {
                "version_added": true,
                "prefix": "-webkit-",
                "notes": "Webkit also supports the prefixed version of this property, and in that case, in addition to the current keywords, the alternative synonyms are: <code>padding</code>, <code>border</code>, and <code>content</code>."
              }
            ],
            "edge": {
              "version_added": "12"
            },
            "edge_mobile": {
              "version_added": true
            },
            "firefox": [
              {
                "version_added": "4"
              },
              {
                "version_added": "49",
                "prefix": "-webkit-",
                "notes": "Webkit also supports the prefixed version of this property, and in that case, in addition to the current keywords, the alternative synonyms are: <code>padding</code>, <code>border</code>, and <code>content</code>."
              },
              {
                "version_added": "1",
                "version_removed": "4",
                "partial_implementation": true,
                "prefix": "-moz-",
                "notes": "Used the <code>-moz-background-clip: padding | border</code> syntax."
              }
            ],
            "firefox_android": [
              {
                "version_added": "14"
              },
              {
                "version_added": "49",
                "prefix": "-webkit-",
                "notes": "Webkit also supports the prefixed version of this property, and in that case, in addition to the current keywords, the alternative synonyms are: <code>padding</code>, <code>border</code>, and <code>content</code>."
              }
            ],
            "ie": {
              "version_added": "9",
              "notes": "In IE 7 and before, Internet explorer was behaving as if <code>background-origin: border-box</code> was set. In Internet Explorer 8, as if <code>background-origin: padding-box</code>, the regular default value, was set."
            },
            "opera": [
              {
                "version_added": "10.5"
              },
              {
                "version_added": "15",
                "prefix": "-webkit-",
                "notes": "Webkit also supports the prefixed version of this property, and in that case, in addition to the current keywords, the alternative synonyms are: <code>padding</code>, <code>border</code>, and <code>content</code>."
              }
            ],
            "opera_android": [
              {
                "version_added": "12.1"
              },
              {
                "version_added": "14",
                "prefix": "-webkit-",
                "notes": "Webkit also supports the prefixed version of this property, and in that case, in addition to the current keywords, the alternative synonyms are: <code>padding</code>, <code>border</code>, and <code>content</code>."
              }
            ],
            "safari": [
              {
                "version_added": "3"
              },
              {
                "version_added": true,
                "prefix": "-webkit-",
                "notes": "Webkit also supports the prefixed version of this property, and in that case, in addition to the current keywords, the alternative synonyms are: <code>padding</code>, <code>border</code>, and <code>content</code>."
              }
            ],
            "safari_ios": [
              {
                "version_added": true
              },
              {
                "version_added": true,
                "prefix": "-webkit-",
                "notes": "Webkit also supports the prefixed version of this property, and in that case, in addition to the current keywords, the alternative synonyms are: <code>padding</code>, <code>border</code>, and <code>content</code>."
              }
            ],
            "samsunginternet_android": {
              "version_added": true
            },
            "webview_android": [
              {
                "version_added": "4.1"
              },
              {
                "version_added": true,
                "prefix": "-webkit-",
                "notes": "Webkit also supports the prefixed version of this property, and in that case, in addition to the current keywords, the alternative synonyms are: <code>padding</code>, <code>border</code>, and <code>content</code>."
              }
            ]
          },
          "status": {
            "experimental": false,
            "standard_track": true,
            "deprecated": false
          }
        },
        "content-box": {
          "__compat": {
            "description": "<code>content-box</code>",
            "support": {
              "chrome": {
                "version_added": "1"
              },
              "chrome_android": {
                "version_added": true
              },
              "edge": {
                "version_added": "12"
              },
              "edge_mobile": {
                "version_added": true
              },
              "firefox": {
                "version_added": "4"
              },
              "firefox_android": {
                "version_added": "14"
              },
              "ie": {
                "version_added": "9",
                "notes": "In IE 7 and IE 9 of Internet Explorer, it always behaved like <code>background-clip: padding</code> if <code>overflow: hidden | auto | scroll</code>."
              },
              "opera": {
                "version_added": "10.5"
              },
              "opera_android": {
                "version_added": "12.1"
              },
              "safari": {
                "version_added": "3"
              },
              "safari_ios": {
                "version_added": true
              },
              "samsunginternet_android": {
                "version_added": true
              },
              "webview_android": {
                "version_added": "4.1"
              }
            },
            "status": {
              "experimental": false,
              "standard_track": true,
              "deprecated": false
            }
          }
        }
      }
    }
  }
}
