{
  "css": {
    "properties": {
      "background-color": {
        "__compat": {
          "mdn_url": "https://developer.mozilla.org/docs/Web/CSS/background-color",
          "support": {
            "chrome": {
              "version_added": "1"
            },
            "chrome_android": {
              "version_added": true
            },
            "edge": {
              "version_added": "12"
            },
            "edge_mobile": {
              "version_added": true
            },
            "firefox": {
              "version_added": "1"
            },
            "firefox_android": {
              "version_added": "4"
            },
            "ie": {
              "version_added": "4",
              "notes": "In Internet Explorer 8 and 9, there is a bug where a computed <code>background-color</code> of <code>transparent</code> causes <code>click</code> events to not get fired on overlaid elements."
            },
            "opera": {
              "version_added": "3.5"
            },
            "opera_android": {
              "version_added": true
            },
            "safari": {
              "version_added": "1"
            },
            "safari_ios": {
              "version_added": true
            },
            "samsunginternet_android": {
              "version_added": true
            },
            "webview_android": {
              "version_added": true
            }
          },
          "status": {
            "experimental": false,
            "standard_track": true,
            "deprecated": false
          }
        },
        "alpha_ch_for_hex": {
          "__compat": {
            "description": "Alpha channel for hex values",
            "support": {
              "chrome": {
                "version_added": "52"
              },
              "chrome_android": {
                "version_added": "52"
              },
              "edge": {
                "version_added": false
              },
              "edge_mobile": {
                "version_added": false
              },
              "firefox": {
                "version_added": false
              },
              "firefox_android": {
                "version_added": false
              },
              "ie": {
                "version_added": false
              },
              "opera": {
                "version_added": false
              },
              "opera_android": {
                "version_added": false
              },
              "safari": {
                "version_added": false
              },
              "safari_ios": {
                "version_added": false
              },
              "samsunginternet_android": {
                "version_added": "6.0"
              },
              "webview_android": {
                "version_added": "52"
              }
            },
            "status": {
              "experimental": true,
              "standard_track": true,
              "deprecated": false
            }
          }
        }
      }
    }
  }
}
