{
  "css": {
    "properties": {
      "border-start-start-radius": {
        "__compat": {
          "mdn_url": "https://developer.mozilla.org/docs/Web/CSS/border-start-start-radius",
          "support": {
            "chrome": {
              "version_added": false
            },
            "chrome_android": {
              "version_added": false
            },
            "edge": {
              "version_added": false
            },
            "edge_mobile": {
              "version_added": false
            },
            "firefox": {
              "version_added": "66"
            },
            "firefox_android": {
              "version_added": "66"
            },
            "ie": {
              "version_added": false
            },
            "opera": {
              "version_added": false
            },
            "opera_android": {
              "version_added": false
            },
            "safari": {
              "version_added": false
            },
            "safari_ios": {
              "version_added": false
            },
            "samsunginternet_android": {
              "version_added": false
            },
            "webview_android": {
              "version_added": false
            }
          },
          "status": {
            "experimental": true,
            "standard_track": true,
            "deprecated": false
          }
        }
      }
    }
  }
}
