{
  "css": {
    "properties": {
      "border-bottom-style": {
        "__compat": {
          "mdn_url": "https://developer.mozilla.org/docs/Web/CSS/border-bottom-style",
          "support": {
            "chrome": {
              "version_added": "1"
            },
            "edge": {
              "version_added": "12"
            },
            "edge_mobile": {
              "version_added": true
            },
            "firefox": {
              "version_added": "1",
              "notes": "Prior to Firefox 50, border styles of rounded corners (with <a href='https://developer.mozilla.org/docs/Web/CSS/border-radius'><code>border-radius</code></a>) were always rendered as if <code>border-bottom-style</code> was <code>solid</code>. This has been fixed in Firefox 50."
            },
            "firefox_android": {
              "version_added": true,
              "notes": "Prior to Firefox 50, border styles of rounded corners (with <a href='https://developer.mozilla.org/docs/Web/CSS/border-radius'><code>border-radius</code></a>) were always rendered as if <code>border-bottom-style</code> was <code>solid</code>. This has been fixed in Firefox 50."
            },
            "ie": {
              "version_added": "5.5"
            },
            "opera": {
              "version_added": "9.2"
            },
            "opera_android": {
              "version_added": true
            },
            "safari": {
              "version_added": "1"
            },
            "safari_ios": {
              "version_added": true
            },
            "webview_android": {
              "version_added": true
            }
          },
          "status": {
            "experimental": false,
            "standard_track": true,
            "deprecated": false
          }
        }
      }
    }
  }
}
