{
  "css": {
    "properties": {
      "border-spacing": {
        "__compat": {
          "mdn_url": "https://developer.mozilla.org/docs/Web/CSS/border-spacing",
          "support": {
            "chrome": {
              "version_added": "1"
            },
            "edge": {
              "version_added": "12"
            },
            "edge_mobile": {
              "version_added": true
            },
            "firefox": {
              "version_added": "1"
            },
            "firefox_android": {
              "version_added": "4"
            },
            "ie": {
              "version_added": "8"
            },
            "opera": {
              "version_added": "4"
            },
            "safari": {
              "version_added": "1"
            }
          },
          "status": {
            "experimental": false,
            "standard_track": true,
            "deprecated": false
          }
        }
      }
    }
  }
}
