{
  "css": {
    "properties": {
      "border-top-color": {
        "__compat": {
          "mdn_url": "https://developer.mozilla.org/docs/Web/CSS/border-top-color",
          "support": {
            "chrome": {
              "version_added": "1"
            },
            "edge": {
              "version_added": "12"
            },
            "edge_mobile": {
              "version_added": true
            },
            "firefox": {
              "version_added": "1",
              "notes": "Firefox also supports the non-standard <a href='https://developer.mozilla.org/docs/Web/CSS/-moz-border-top-colors'><code>-moz-border-top-colors</code></a> CSS property that sets the top border to multiple colors."
            },
            "firefox_android": {
              "version_added": "4",
              "notes": "Firefox also supports the non-standard <a href='https://developer.mozilla.org/docs/Web/CSS/-moz-border-top-colors'><code>-moz-border-top-colors</code></a> CSS property that sets the top border to multiple colors."
            },
            "ie": {
              "version_added": "4"
            },
            "opera": {
              "version_added": "3.5"
            },
            "opera_android": {
              "version_added": "11"
            },
            "safari": {
              "version_added": "1"
            },
            "safari_ios": {
              "version_added": "1"
            },
            "webview_android": {
              "version_added": "1"
            }
          },
          "status": {
            "experimental": false,
            "standard_track": true,
            "deprecated": false
          }
        }
      }
    }
  }
}
