{
  "css": {
    "properties": {
      "box-align": {
        "__compat": {
          "mdn_url": "https://developer.mozilla.org/docs/Web/CSS/box-align",
          "support": {
            "chrome": {
              "version_added": true,
              "prefix": "-webkit-"
            },
            "chrome_android": {
              "version_added": true,
              "prefix": "-webkit-"
            },
            "edge": {
              "version_added": true,
              "prefix": "-webkit-"
            },
            "edge_mobile": {
              "version_added": true,
              "prefix": "-webkit-"
            },
            "firefox": [
              {
                "version_added": "49",
                "prefix": "-webkit-"
              },
              {
                "version_added": "48",
                "prefix": "-webkit-",
                "flags": [
                  {
                    "type": "preference",
                    "name": "layout.css.prefixes.webkit",
                    "value_to_set": "true"
                  }
                ]
              },
              {
                "version_added": true,
                "prefix": "-moz-"
              }
            ],
            "firefox_android": {
              "version_added": false
            },
            "ie": {
              "version_added": false
            },
            "opera": {
              "version_added": true,
              "prefix": "-webkit-"
            },
            "opera_android": {
              "version_added": true,
              "prefix": "-webkit-"
            },
            "safari": [
              {
                "version_added": "3",
                "prefix": "-webkit-"
              },
              {
                "version_added": "1.1",
                "version_removed": true,
                "prefix": "-khtml-"
              }
            ],
            "safari_ios": {
              "version_added": null
            },
            "samsunginternet_android": {
              "version_added": null
            },
            "webview_android": {
              "version_added": true,
              "prefix": "-webkit-"
            }
          },
          "status": {
            "experimental": false,
            "standard_track": false,
            "deprecated": true
          }
        }
      }
    }
  }
}
