{
  "css": {
    "properties": {
      "color-adjust": {
        "__compat": {
          "mdn_url": "https://developer.mozilla.org/docs/Web/CSS/color-adjust",
          "support": {
            "chrome": {
              "prefix": "-webkit-",
              "version_added": "49"
            },
            "chrome_android": {
              "version_added": null
            },
            "edge": {
              "version_added": false
            },
            "edge_mobile": {
              "version_added": false
            },
            "firefox": {
              "version_added": "48"
            },
            "firefox_android": {
              "version_added": "48"
            },
            "ie": {
              "version_added": false
            },
            "opera": {
              "prefix": "-webkit-",
              "version_added": "15"
            },
            "opera_android": {
              "version_added": null
            },
            "safari": {
              "prefix": "-webkit-",
              "version_added": "6"
            },
            "safari_ios": {
              "version_added": null
            },
            "samsunginternet_android": {
              "version_added": null
            },
            "webview_android": {
              "version_added": null
            }
          },
          "status": {
            "experimental": false,
            "standard_track": true,
            "deprecated": false
          }
        }
      }
    }
  }
}
