{
  "css": {
    "properties": {
      "column-fill": {
        "__compat": {
          "mdn_url": "https://developer.mozilla.org/docs/Web/CSS/column-fill",
          "support": {
            "chrome": {
              "version_added": true
            },
            "chrome_android": {
              "version_added": true
            },
            "edge": {
              "version_added": "12"
            },
            "edge_mobile": {
              "version_added": true
            },
            "firefox": [
              {
                "version_added": "52"
              },
              {
                "prefix": "-moz-",
                "version_added": "13"
              }
            ],
            "firefox_android": [
              {
                "version_added": "52"
              },
              {
                "prefix": "-moz-",
                "version_added": "14"
              }
            ],
            "ie": {
              "version_added": null
            },
            "opera": {
              "version_added": null
            },
            "safari": {
              "version_added": null
            },
            "samsunginternet_android": {
              "version_added": true
            },
            "webview_android": {
              "version_added": true
            }
          },
          "status": {
            "experimental": false,
            "standard_track": true,
            "deprecated": false
          }
        }
      }
    }
  }
}
