{
  "css": {
    "properties": {
      "flex-direction": {
        "__compat": {
          "mdn_url": "https://developer.mozilla.org/docs/Web/CSS/flex-direction",
          "support": {
            "chrome": [
              {
                "version_added": "29"
              },
              {
                "prefix": "-webkit-",
                "version_added": "21"
              }
            ],
            "chrome_android": [
              {
                "version_added": "29"
              },
              {
                "prefix": "-webkit-",
                "version_added": "25"
              }
            ],
            "edge": [
              {
                "version_added": "12"
              },
              {
                "prefix": "-webkit-",
                "version_added": "12"
              }
            ],
            "edge_mobile": [
              {
                "version_added": true
              },
              {
                "prefix": "-webkit-",
                "version_added": true
              }
            ],
            "firefox": [
              {
                "version_added": "20",
                "notes": "Since Firefox 28, multi-line flexbox is supported."
              },
              {
                "version_added": "18",
                "version_removed": "20",
                "flags": [
                  {
                    "type": "preference",
                    "name": "layout.css.flexbox.enabled",
                    "value_to_set": "true"
                  }
                ]
              },
              {
                "prefix": "-webkit-",
                "version_added": "49"
              },
              {
                "prefix": "-webkit-",
                "version_added": "44",
                "flags": [
                  {
                    "type": "preference",
                    "name": "layout.css.prefixes.webkit",
                    "value_to_set": "true"
                  }
                ]
              }
            ],
            "ie": [
              {
                "version_added": "11"
              },
              {
                "prefix": "-ms-",
                "version_added": "10"
              }
            ],
            "opera": [
              {
                "version_added": "12.1"
              },
              {
                "prefix": "-webkit-",
                "version_added": "15"
              }
            ],
            "opera_android": [
              {
                "version_added": "12.1"
              },
              {
                "prefix": "-webkit-",
                "version_added": "15"
              }
            ],
            "safari": [
              {
                "version_added": "9"
              },
              {
                "prefix": "-webkit-",
                "version_added": "7"
              }
            ],
            "safari_ios": {
              "version_added": null
            },
            "webview_android": [
              {
                "version_added": "4.4"
              },
              {
                "prefix": "-webkit-",
                "version_added": true
              }
            ]
          },
          "status": {
            "experimental": false,
            "standard_track": true,
            "deprecated": false
          }
        }
      }
    }
  }
}
