{
  "css": {
    "properties": {
      "float": {
        "__compat": {
          "mdn_url": "https://developer.mozilla.org/docs/Web/CSS/float",
          "support": {
            "chrome": {
              "version_added": "1"
            },
            "chrome_android": {
              "version_added": true
            },
            "edge": {
              "version_added": "12"
            },
            "edge_mobile": {
              "version_added": true
            },
            "firefox": {
              "version_added": "1"
            },
            "firefox_android": {
              "version_added": "4"
            },
            "ie": {
              "version_added": "4"
            },
            "opera": {
              "version_added": "7"
            },
            "opera_android": {
              "version_added": "6"
            },
            "safari": {
              "version_added": "1"
            },
            "safari_ios": {
              "version_added": "1"
            },
            "samsunginternet_android": {
              "version_added": true
            },
            "webview_android": {
              "version_added": "1"
            }
          },
          "status": {
            "experimental": false,
            "standard_track": true,
            "deprecated": false
          }
        },
        "flow_relative_values": {
          "__compat": {
            "description": "Flow-relative values <code>inline-start</code> and <code>inline-end</code>",
            "support": {
              "chrome": {
                "version_added": false
              },
              "chrome_android": {
                "version_added": false
              },
              "edge": {
                "version_added": false
              },
              "edge_mobile": {
                "version_added": false
              },
              "firefox": {
                "version_added": "55"
              },
              "firefox_android": {
                "version_added": "55"
              },
              "ie": {
                "version_added": false
              },
              "opera": {
                "version_added": false
              },
              "opera_android": {
                "version_added": false
              },
              "safari": {
                "version_added": false
              },
              "safari_ios": {
                "version_added": false
              },
              "samsunginternet_android": {
                "version_added": false
              },
              "webview_android": {
                "version_added": false
              }
            },
            "status": {
              "experimental": true,
              "standard_track": true,
              "deprecated": false
            }
          }
        }
      }
    }
  }
}
