{
  "css": {
    "properties": {
      "font-stretch": {
        "__compat": {
          "mdn_url": "https://developer.mozilla.org/docs/Web/CSS/font-stretch",
          "support": {
            "chrome": {
              "version_added": "60"
            },
            "chrome_android": {
              "version_added": "60"
            },
            "edge": {
              "version_added": "12"
            },
            "edge_mobile": {
              "version_added": "12"
            },
            "firefox": {
              "version_added": "9"
            },
            "firefox_android": {
              "version_added": "9"
            },
            "ie": {
              "version_added": "9"
            },
            "opera": {
              "version_added": "47"
            },
            "opera_android": {
              "version_added": "47"
            },
            "safari": {
              "version_added": "11"
            },
            "safari_ios": {
              "version_added": null
            },
            "samsunginternet_android": {
              "version_added": null
            },
            "webview_android": {
              "version_added": "60"
            }
          },
          "status": {
            "experimental": false,
            "standard_track": true,
            "deprecated": false
          }
        },
        "percentage": {
          "__compat": {
            "description": "<code>&lt;percentage&gt;</code> syntax",
            "support": {
              "chrome": {
                "version_added": false
              },
              "chrome_android": {
                "version_added": false
              },
              "edge": {
                "version_added": null
              },
              "edge_mobile": {
                "version_added": null
              },
              "firefox": {
                "version_added": "61"
              },
              "firefox_android": {
                "version_added": "61"
              },
              "ie": {
                "version_added": false
              },
              "opera": {
                "version_added": null
              },
              "opera_android": {
                "version_added": false
              },
              "safari": {
                "version_added": null
              },
              "safari_ios": {
                "version_added": null
              },
              "samsunginternet_android": {
                "version_added": null
              },
              "webview_android": {
                "version_added": false
              }
            },
            "status": {
              "experimental": false,
              "standard_track": true,
              "deprecated": false
            }
          }
        }
      }
    }
  }
}
