{
  "css": {
    "properties": {
      "font-variant-alternates": {
        "__compat": {
          "mdn_url": "https://developer.mozilla.org/docs/Web/CSS/font-variant-alternates",
          "support": {
            "chrome": {
              "version_added": false
            },
            "chrome_android": {
              "version_added": false
            },
            "edge": {
              "version_added": false
            },
            "edge_mobile": {
              "version_added": false
            },
            "firefox": [
              {
                "version_added": "34"
              },
              {
                "version_added": "24",
                "version_removed": "34",
                "flags": [
                  {
                    "type": "preference",
                    "name": "layout.css.font-features.enabled",
                    "value_to_set": "true"
                  }
                ]
              }
            ],
            "firefox_android": [
              {
                "version_added": "34"
              },
              {
                "version_added": "24",
                "version_removed": "34",
                "flags": [
                  {
                    "type": "preference",
                    "name": "layout.css.font-features.enabled",
                    "value_to_set": "true"
                  }
                ]
              }
            ],
            "ie": {
              "version_added": false
            },
            "opera": {
              "version_added": false
            },
            "opera_android": {
              "version_added": false
            },
            "safari": {
              "version_added": false
            },
            "safari_ios": {
              "version_added": false
            },
            "samsunginternet_android": {
              "version_added": false
            },
            "webview_android": {
              "version_added": false
            }
          },
          "status": {
            "experimental": true,
            "standard_track": true,
            "deprecated": true
          }
        },
        "annotation": {
          "__compat": {
            "description": "<code>annotation()</code>",
            "mdn_url": "https://developer.mozilla.org/docs/Web/CSS/font-variant-alternates#annotation()",
            "support": {
              "chrome": {
                "version_added": false
              },
              "chrome_android": {
                "version_added": false
              },
              "edge": {
                "version_added": false
              },
              "edge_mobile": {
                "version_added": false
              },
              "firefox": [
                {
                  "version_added": "34"
                },
                {
                  "version_added": "24",
                  "version_removed": "34",
                  "flags": [
                    {
                      "type": "preference",
                      "name": "layout.css.font-features.enabled",
                      "value_to_set": "true"
                    }
                  ]
                }
              ],
              "firefox_android": [
                {
                  "version_added": "34"
                },
                {
                  "version_added": "24",
                  "version_removed": "34",
                  "flags": [
                    {
                      "type": "preference",
                      "name": "layout.css.font-features.enabled",
                      "value_to_set": "true"
                    }
                  ]
                }
              ],
              "ie": {
                "version_added": false
              },
              "opera": {
                "version_added": false
              },
              "opera_android": {
                "version_added": false
              },
              "safari": {
                "version_added": false
              },
              "safari_ios": {
                "version_added": false
              },
              "samsunginternet_android": {
                "version_added": false
              },
              "webview_android": {
                "version_added": false
              }
            },
            "status": {
              "experimental": true,
              "standard_track": true,
              "deprecated": true
            }
          }
        },
        "character_variant": {
          "__compat": {
            "description": "<code>character-variant()</code>",
            "mdn_url": "https://developer.mozilla.org/docs/Web/CSS/font-variant-alternates#character-variant()",
            "support": {
              "chrome": {
                "version_added": false
              },
              "chrome_android": {
                "version_added": false
              },
              "edge": {
                "version_added": false
              },
              "edge_mobile": {
                "version_added": false
              },
              "firefox": [
                {
                  "version_added": "34"
                },
                {
                  "version_added": "24",
                  "version_removed": "34",
                  "flags": [
                    {
                      "type": "preference",
                      "name": "layout.css.font-features.enabled",
                      "value_to_set": "true"
                    }
                  ]
                }
              ],
              "firefox_android": [
                {
                  "version_added": "34"
                },
                {
                  "version_added": "24",
                  "version_removed": "34",
                  "flags": [
                    {
                      "type": "preference",
                      "name": "layout.css.font-features.enabled",
                      "value_to_set": "true"
                    }
                  ]
                }
              ],
              "ie": {
                "version_added": false
              },
              "opera": {
                "version_added": false
              },
              "opera_android": {
                "version_added": false
              },
              "safari": {
                "version_added": false
              },
              "safari_ios": {
                "version_added": false
              },
              "samsunginternet_android": {
                "version_added": false
              },
              "webview_android": {
                "version_added": false
              }
            },
            "status": {
              "experimental": true,
              "standard_track": true,
              "deprecated": true
            }
          }
        },
        "ornaments": {
          "__compat": {
            "description": "<code>ornaments()</code>",
            "mdn_url": "https://developer.mozilla.org/docs/Web/CSS/font-variant-alternates#ornaments()",
            "support": {
              "chrome": {
                "version_added": false
              },
              "chrome_android": {
                "version_added": false
              },
              "edge": {
                "version_added": false
              },
              "edge_mobile": {
                "version_added": false
              },
              "firefox": [
                {
                  "version_added": "34"
                },
                {
                  "version_added": "24",
                  "version_removed": "34",
                  "flags": [
                    {
                      "type": "preference",
                      "name": "layout.css.font-features.enabled",
                      "value_to_set": "true"
                    }
                  ]
                }
              ],
              "firefox_android": [
                {
                  "version_added": "34"
                },
                {
                  "version_added": "24",
                  "version_removed": "34",
                  "flags": [
                    {
                      "type": "preference",
                      "name": "layout.css.font-features.enabled",
                      "value_to_set": "true"
                    }
                  ]
                }
              ],
              "ie": {
                "version_added": false
              },
              "opera": {
                "version_added": false
              },
              "opera_android": {
                "version_added": false
              },
              "safari": {
                "version_added": false
              },
              "safari_ios": {
                "version_added": false
              },
              "samsunginternet_android": {
                "version_added": false
              },
              "webview_android": {
                "version_added": false
              }
            },
            "status": {
              "experimental": true,
              "standard_track": true,
              "deprecated": true
            }
          }
        },
        "styleset": {
          "__compat": {
            "description": "<code>styleset()</code>",
            "mdn_url": "https://developer.mozilla.org/docs/Web/CSS/font-variant-alternates#styleset()",
            "support": {
              "chrome": {
                "version_added": false
              },
              "chrome_android": {
                "version_added": false
              },
              "edge": {
                "version_added": false
              },
              "edge_mobile": {
                "version_added": false
              },
              "firefox": [
                {
                  "version_added": "34"
                },
                {
                  "version_added": "24",
                  "version_removed": "34",
                  "flags": [
                    {
                      "type": "preference",
                      "name": "layout.css.font-features.enabled",
                      "value_to_set": "true"
                    }
                  ]
                }
              ],
              "firefox_android": [
                {
                  "version_added": "34"
                },
                {
                  "version_added": "24",
                  "version_removed": "34",
                  "flags": [
                    {
                      "type": "preference",
                      "name": "layout.css.font-features.enabled",
                      "value_to_set": "true"
                    }
                  ]
                }
              ],
              "ie": {
                "version_added": false
              },
              "opera": {
                "version_added": false
              },
              "opera_android": {
                "version_added": false
              },
              "safari": {
                "version_added": false
              },
              "safari_ios": {
                "version_added": false
              },
              "samsunginternet_android": {
                "version_added": false
              },
              "webview_android": {
                "version_added": false
              }
            },
            "status": {
              "experimental": true,
              "standard_track": true,
              "deprecated": true
            }
          }
        },
        "stylistic": {
          "__compat": {
            "description": "<code>stylistic()</code>",
            "mdn_url": "https://developer.mozilla.org/docs/Web/CSS/font-variant-alternates#stylistic()",
            "support": {
              "chrome": {
                "version_added": false
              },
              "chrome_android": {
                "version_added": false
              },
              "edge": {
                "version_added": false
              },
              "edge_mobile": {
                "version_added": false
              },
              "firefox": [
                {
                  "version_added": "34"
                },
                {
                  "version_added": "24",
                  "version_removed": "34",
                  "flags": [
                    {
                      "type": "preference",
                      "name": "layout.css.font-features.enabled",
                      "value_to_set": "true"
                    }
                  ]
                }
              ],
              "firefox_android": [
                {
                  "version_added": "34"
                },
                {
                  "version_added": "24",
                  "version_removed": "34",
                  "flags": [
                    {
                      "type": "preference",
                      "name": "layout.css.font-features.enabled",
                      "value_to_set": "true"
                    }
                  ]
                }
              ],
              "ie": {
                "version_added": false
              },
              "opera": {
                "version_added": false
              },
              "opera_android": {
                "version_added": false
              },
              "safari": {
                "version_added": false
              },
              "safari_ios": {
                "version_added": false
              },
              "samsunginternet_android": {
                "version_added": false
              },
              "webview_android": {
                "version_added": false
              }
            },
            "status": {
              "experimental": true,
              "standard_track": true,
              "deprecated": true
            }
          }
        },
        "swash": {
          "__compat": {
            "description": "<code>swash()</code>",
            "mdn_url": "https://developer.mozilla.org/docs/Web/CSS/font-variant-alternates#swash()",
            "support": {
              "chrome": {
                "version_added": false
              },
              "chrome_android": {
                "version_added": false
              },
              "edge": {
                "version_added": false
              },
              "edge_mobile": {
                "version_added": false
              },
              "firefox": [
                {
                  "version_added": "34"
                },
                {
                  "version_added": "24",
                  "version_removed": "34",
                  "flags": [
                    {
                      "type": "preference",
                      "name": "layout.css.font-features.enabled",
                      "value_to_set": "true"
                    }
                  ]
                }
              ],
              "firefox_android": [
                {
                  "version_added": "34"
                },
                {
                  "version_added": "24",
                  "version_removed": "34",
                  "flags": [
                    {
                      "type": "preference",
                      "name": "layout.css.font-features.enabled",
                      "value_to_set": "true"
                    }
                  ]
                }
              ],
              "ie": {
                "version_added": false
              },
              "opera": {
                "version_added": false
              },
              "opera_android": {
                "version_added": false
              },
              "safari": {
                "version_added": false
              },
              "safari_ios": {
                "version_added": false
              },
              "samsunginternet_android": {
                "version_added": false
              },
              "webview_android": {
                "version_added": false
              }
            },
            "status": {
              "experimental": true,
              "standard_track": true,
              "deprecated": true
            }
          }
        }
      }
    }
  }
}
