{
  "css": {
    "properties": {
      "line-height-step": {
        "__compat": {
          "mdn_url": "https://developer.mozilla.org/docs/Web/CSS/line-height-step",
          "support": {
            "chrome": {
              "version_added": "60",
              "flags": [
                {
                  "type": "runtime_flag",
                  "name": "--enable-blink-features=CSSSnapSize"
                }
              ]
            },
            "chrome_android": {
              "version_added": "60",
              "flags": [
                {
                  "type": "runtime_flag",
                  "name": "--enable-blink-features=CSSSnapSize"
                }
              ]
            },
            "edge": {
              "version_added": null
            },
            "edge_mobile": {
              "version_added": null
            },
            "firefox": {
              "version_added": null
            },
            "firefox_android": {
              "version_added": null
            },
            "ie": {
              "version_added": null
            },
            "opera": {
              "version_added": "47",
              "flags": [
                {
                  "type": "runtime_flag",
                  "name": "--enable-blink-features=CSSSnapSize"
                }
              ]
            },
            "opera_android": {
              "version_added": "47",
              "flags": [
                {
                  "type": "runtime_flag",
                  "name": "--enable-blink-features=CSSSnapSize"
                }
              ]
            },
            "safari": {
              "version_added": null
            },
            "safari_ios": {
              "version_added": null
            },
            "webview_android": {
              "version_added": "60",
              "flags": [
                {
                  "type": "runtime_flag",
                  "name": "--enable-blink-features=CSSSnapSize"
                }
              ]
            }
          },
          "status": {
            "experimental": true,
            "standard_track": true,
            "deprecated": false
          }
        }
      }
    }
  }
}
