{
  "css": {
    "properties": {
      "mask-composite": {
        "__compat": {
          "mdn_url": "https://developer.mozilla.org/docs/Web/CSS/mask-composite",
          "support": {
            "chrome": {
              "version_added": false,
              "notes": "See also <a href='https://developer.mozilla.org/docs/Web/CSS/-webkit-mask-composite'><code>-webkit-mask-composite</code></a> for a similar non-standard property that uses different keywords."
            },
            "chrome_android": {
              "version_added": null
            },
            "edge": {
              "version_added": "18"
            },
            "edge_mobile": {
              "version_added": null
            },
            "firefox": {
              "version_added": "53"
            },
            "firefox_android": {
              "version_added": "53"
            },
            "ie": {
              "version_added": false
            },
            "opera": {
              "version_added": false,
              "notes": "See also <a href='https://developer.mozilla.org/docs/Web/CSS/-webkit-mask-composite'><code>-webkit-mask-composite</code></a> for a similar non-standard property that uses different keywords."
            },
            "opera_android": {
              "version_added": null
            },
            "safari": {
              "version_added": false,
              "notes": "See also <a href='https://developer.mozilla.org/docs/Web/CSS/-webkit-mask-composite'><code>-webkit-mask-composite</code></a> for a similar non-standard property that uses different keywords."
            },
            "safari_ios": {
              "version_added": null
            },
            "samsunginternet_android": {
              "version_added": false
            },
            "webview_android": {
              "version_added": null
            }
          },
          "status": {
            "experimental": true,
            "standard_track": true,
            "deprecated": false
          }
        }
      }
    }
  }
}
