{
  "css": {
    "properties": {
      "mask-position": {
        "__compat": {
          "mdn_url": "https://developer.mozilla.org/docs/Web/CSS/mask-position",
          "support": {
            "chrome": {
              "prefix": "-webkit-",
              "version_added": "1"
            },
            "chrome_android": {
              "version_added": null
            },
            "edge": {
              "version_added": "18"
            },
            "edge_mobile": {
              "version_added": null
            },
            "firefox": {
              "version_added": "53"
            },
            "firefox_android": {
              "version_added": "53"
            },
            "ie": {
              "version_added": null
            },
            "opera": {
              "version_added": null
            },
            "opera_android": {
              "version_added": null
            },
            "safari": {
              "prefix": "-webkit-",
              "version_added": "4"
            },
            "safari_ios": {
              "version_added": null
            },
            "samsunginternet_android": {
              "version_added": null
            },
            "webview_android": {
              "version_added": null
            }
          },
          "status": {
            "experimental": true,
            "standard_track": true,
            "deprecated": false
          }
        }
      }
    }
  }
}
