{
  "css": {
    "properties": {
      "max-height": {
        "__compat": {
          "mdn_url": "https://developer.mozilla.org/docs/Web/CSS/max-height",
          "support": {
            "chrome": {
              "version_added": "1"
            },
            "chrome_android": {
              "version_added": null
            },
            "edge": {
              "version_added": "12"
            },
            "edge_mobile": {
              "version_added": true
            },
            "firefox": {
              "version_added": "1",
              "notes": "CSS 2.1 leaves the behavior of <code>max-height</code> with <a href='https://developer.mozilla.org/docs/Web/HTML/Element/table'><code>table</code></a> undefined. Firefox supports applying <code>max-height</code> to <code>table</code> elements."
            },
            "firefox_android": {
              "version_added": null
            },
            "ie": {
              "version_added": "7"
            },
            "opera": {
              "version_added": "7",
              "notes": "CSS 2.1 leaves the behavior of <code>max-height</code> with <a href='https://developer.mozilla.org/docs/Web/HTML/Element/table'><code>table</code></a> undefined. Opera supports applying <code>max-height</code> to <code>table</code> elements."
            },
            "opera_android": {
              "version_added": null
            },
            "safari": {
              "version_added": "1"
            },
            "safari_ios": {
              "version_added": null
            },
            "samsunginternet_android": {
              "version_added": null
            },
            "webview_android": {
              "version_added": null
            }
          },
          "status": {
            "experimental": false,
            "standard_track": true,
            "deprecated": false
          }
        },
        "sizing_values": {
          "__compat": {
            "description": "<code>fit-content</code>, <code>max-content</code>, and <code>min-content</code>",
            "support": {
              "chrome": {
                "version_added": false,
                "notes": "Chrome implements an earlier proposal for setting height to an intrinsic height: the keywords <code>intrinsic</code> (instead of <code>max-content</code>), and <code>min-intrinsic</code> (instead of <code>min-content</code>). There is no equivalent for <code>stretch</code> or <code>fit-content</code>."
              },
              "chrome_android": {
                "version_added": null
              },
              "edge": {
                "version_added": false
              },
              "edge_mobile": {
                "version_added": false
              },
              "firefox": {
                "partial_implementation": true,
                "prefix": "-moz-",
                "version_added": "3",
                "notes": "Firefox implements the definitions given in CSS3 Basic Box. This defines <code>available</code> and not <code>fit-available</code>. Also, the definition of <code>fit-content</code> is simpler than in CSS3 Sizing."
              },
              "firefox_android": {
                "version_added": null
              },
              "ie": {
                "version_added": false
              },
              "opera": {
                "version_added": false
              },
              "opera_android": {
                "version_added": null
              },
              "safari": {
                "version_added": "9",
                "notes": "Safari implements an earlier proposal for setting height to an intrinsic height: the keywords <code>intrinsic</code> (instead of <code>max-content</code>), and <code>min-intrinsic</code> (instead of <code>min-content</code>). There is no equivalent for <code>stretch</code> or <code>fit-content</code>."
              },
              "safari_ios": {
                "version_added": "9",
                "notes": "Safari implements an earlier proposal for setting height to an intrinsic height: the keywords <code>intrinsic</code> (instead of <code>max-content</code>), and <code>min-intrinsic</code> (instead of <code>min-content</code>). There is no equivalent for <code>stretch</code> or <code>fit-content</code>."
              },
              "samsunginternet_android": {
                "version_added": false
              },
              "webview_android": {
                "version_added": null
              }
            },
            "status": {
              "experimental": true,
              "standard_track": true,
              "deprecated": false
            }
          }
        },
        "stretch": {
          "__compat": {
            "description": "<code>stretch</code>",
            "support": {
              "chrome": {
                "alternative_name": "-webkit-fill-available",
                "version_added": "28"
              },
              "chrome_android": {
                "alternative_name": "-webkit-fill-available",
                "version_added": "28"
              },
              "edge": {
                "version_added": false
              },
              "edge_mobile": {
                "version_added": false
              },
              "firefox": {
                "version_added": false
              },
              "firefox_android": {
                "version_added": null
              },
              "ie": {
                "version_added": false
              },
              "opera": {
                "version_added": false
              },
              "opera_android": {
                "version_added": null
              },
              "safari": {
                "version_added": false
              },
              "safari_ios": {
                "version_added": null
              },
              "samsunginternet_android": {
                "version_added": false
              },
              "webview_android": {
                "alternative_name": "-webkit-fill-available",
                "version_added": "37"
              }
            },
            "status": {
              "experimental": true,
              "standard_track": true,
              "deprecated": false
            }
          }
        }
      }
    }
  }
}
