{
  "css": {
    "properties": {
      "max-inline-size": {
        "__compat": {
          "mdn_url": "https://developer.mozilla.org/docs/Web/CSS/max-inline-size",
          "support": {
            "chrome": {
              "version_added": "57"
            },
            "chrome_android": {
              "version_added": "57"
            },
            "edge": {
              "version_added": false
            },
            "edge_mobile": {
              "version_added": false
            },
            "firefox": [
              {
                "version_added": "41"
              },
              {
                "version_added": "38",
                "version_removed": "51",
                "flags": [
                  {
                    "type": "preference",
                    "name": "layout.css.vertical-text.enabled",
                    "value_to_set": "true"
                  }
                ]
              }
            ],
            "firefox_android": [
              {
                "version_added": "41"
              },
              {
                "version_added": "38",
                "version_removed": "51",
                "flags": [
                  {
                    "type": "preference",
                    "name": "layout.css.vertical-text.enabled",
                    "value_to_set": "true"
                  }
                ]
              }
            ],
            "ie": {
              "version_added": false
            },
            "opera": {
              "version_added": "44"
            },
            "opera_android": {
              "version_added": "44"
            },
            "safari": {
              "prefix": "-webkit-",
              "version_added": "10.1"
            },
            "safari_ios": {
              "prefix": "-webkit-",
              "version_added": "10.2"
            },
            "samsunginternet_android": {
              "version_added": true
            },
            "webview_android": {
              "version_added": "57"
            }
          },
          "status": {
            "experimental": true,
            "standard_track": true,
            "deprecated": false
          }
        }
      }
    }
  }
}
