{
  "css": {
    "properties": {
      "min-width": {
        "__compat": {
          "mdn_url": "https://developer.mozilla.org/docs/Web/CSS/min-width",
          "support": {
            "chrome": {
              "version_added": "1"
            },
            "chrome_android": {
              "version_added": null
            },
            "edge": {
              "version_added": "12"
            },
            "edge_mobile": {
              "version_added": true
            },
            "firefox": {
              "version_added": "1",
              "notes": "CSS 2.1 leaves the behavior of <code>min-width</code> with <a href='https://developer.mozilla.org/docs/Web/HTML/Element/table'><code>table</code></a> undefined. Firefox supports applying <code>min-width</code> to <code>table</code> elements."
            },
            "firefox_android": {
              "version_added": null
            },
            "ie": {
              "version_added": "7"
            },
            "opera": {
              "version_added": "4",
              "notes": "CSS 2.1 leaves the behavior of <code>min-width</code> with <a href='https://developer.mozilla.org/docs/Web/HTML/Element/table'><code>table</code></a> undefined. Opera supports applying <code>min-width</code> to <code>table</code> elements."
            },
            "opera_android": {
              "version_added": null
            },
            "safari": {
              "version_added": "2"
            },
            "safari_ios": {
              "version_added": null
            },
            "samsunginternet_android": {
              "version_added": null
            },
            "webview_android": {
              "version_added": null
            }
          },
          "status": {
            "experimental": false,
            "standard_track": true,
            "deprecated": false
          }
        },
        "sizing_values": {
          "__compat": {
            "description": "<code>fit-content</code>, <code>max-content</code>, and <code>min-content</code>",
            "support": {
              "chrome": {
                "prefix": "-webkit-",
                "version_added": "24"
              },
              "chrome_android": {
                "version_added": null
              },
              "edge": {
                "version_added": false
              },
              "edge_mobile": {
                "version_added": false
              },
              "firefox": {
                "prefix": "-moz-",
                "version_added": "3",
                "notes": "Firefox implements the definitions given in CSS3 Basic Box. This defines <code>available</code> and not <code>fit-available</code>. Also, the definition of <code>fit-content</code> is simpler than in CSS3 Sizing."
              },
              "firefox_android": {
                "version_added": null
              },
              "ie": {
                "version_added": false
              },
              "opera": {
                "version_added": false
              },
              "opera_android": {
                "version_added": null
              },
              "safari": {
                "version_added": false
              },
              "safari_ios": {
                "version_added": null
              },
              "samsunginternet_android": {
                "version_added": null
              },
              "webview_android": {
                "version_added": null
              }
            },
            "status": {
              "experimental": true,
              "standard_track": true,
              "deprecated": false
            }
          }
        },
        "stretch": {
          "__compat": {
            "description": "<code>stretch</code>",
            "support": {
              "chrome": {
                "alternative_name": "-webkit-fill-available",
                "version_added": "22"
              },
              "chrome_android": {
                "alternative_name": "-webkit-fill-available",
                "version_added": "25"
              },
              "edge": {
                "version_added": false
              },
              "edge_mobile": {
                "version_added": false
              },
              "firefox": {
                "version_added": false
              },
              "firefox_android": {
                "version_added": null
              },
              "ie": {
                "version_added": false
              },
              "opera": {
                "version_added": false
              },
              "opera_android": {
                "version_added": null
              },
              "safari": {
                "version_added": false
              },
              "safari_ios": {
                "version_added": null
              },
              "samsunginternet_android": {
                "version_added": null
              },
              "webview_android": {
                "alternative_name": "-webkit-fill-available",
                "version_added": "37"
              }
            },
            "status": {
              "experimental": true,
              "standard_track": true,
              "deprecated": false
            }
          }
        },
        "auto": {
          "__compat": {
            "description": "<code>auto</code>",
            "support": {
              "chrome": {
                "version_added": "21",
                "notes": "Chrome uses <code>auto</code> as the initial value for <code>min-width</code>."
              },
              "chrome_android": {
                "version_added": null
              },
              "edge": {
                "version_added": "12",
                "notes": "Edge uses <code>auto</code> as the initial value for <code>min-width</code>."
              },
              "edge_mobile": {
                "version_added": null
              },
              "firefox": [
                {
                  "version_added": "34"
                },
                {
                  "version_added": "16",
                  "version_removed": "22",
                  "notes": "Firefox 18 and later (until the value was removed), used <code>auto</code> as the initial value for <code>min-width</code>."
                }
              ],
              "firefox_android": {
                "version_added": null
              },
              "ie": {
                "version_added": false
              },
              "opera": {
                "version_added": "12.1",
                "notes": "Opera uses <code>auto</code> as the initial value for <code>min-width</code>."
              },
              "opera_android": {
                "version_added": null
              },
              "safari": {
                "version_added": false
              },
              "safari_ios": {
                "version_added": null
              },
              "samsunginternet_android": {
                "version_added": null
              },
              "webview_android": {
                "version_added": null
              }
            },
            "status": {
              "experimental": false,
              "standard_track": true,
              "deprecated": false
            }
          }
        }
      }
    }
  }
}
