{
  "css": {
    "properties": {
      "object-fit": {
        "__compat": {
          "mdn_url": "https://developer.mozilla.org/docs/Web/CSS/object-fit",
          "support": {
            "chrome": {
              "version_added": "31"
            },
            "chrome_android": {
              "version_added": "31"
            },
            "edge": {
              "version_added": "16",
              "notes": "Edge supports <code>object-fit</code> on <code>img</code> elements only. <a href='https://developer.microsoft.com/microsoft-edge/platform/issues/13603873/#comment-0'>See Edge issue 13603873 for details</a>."
            },
            "edge_mobile": {
              "version_added": null
            },
            "firefox": {
              "version_added": "36"
            },
            "firefox_android": {
              "version_added": "36"
            },
            "ie": {
              "version_added": false
            },
            "opera": [
              {
                "version_added": "19"
              },
              {
                "prefix": "-o-",
                "version_added": "11.6"
              }
            ],
            "opera_android": [
              {
                "version_added": "24"
              },
              {
                "prefix": "-o-",
                "version_added": "11.5"
              }
            ],
            "safari": {
              "version_added": "10"
            },
            "safari_ios": {
              "version_added": "10"
            },
            "samsunginternet_android": {
              "version_added": true
            },
            "webview_android": {
              "version_added": "4.4.3"
            }
          },
          "status": {
            "experimental": false,
            "standard_track": true,
            "deprecated": false
          }
        }
      }
    }
  }
}
