{
  "css": {
    "properties": {
      "offset-path": {
        "__compat": {
          "mdn_url": "https://developer.mozilla.org/docs/Web/CSS/offset-path",
          "support": {
            "chrome": [
              {
                "version_added": "55",
                "notes": "<code>path()</code> is the only value type supported."
              },
              {
                "alternative_name": "motion-path",
                "version_added": "46"
              }
            ],
            "chrome_android": [
              {
                "version_added": "55",
                "notes": "<code>path()</code> is the only value type supported."
              },
              {
                "alternative_name": "motion-path",
                "version_added": "46"
              }
            ],
            "edge": {
              "version_added": null
            },
            "edge_mobile": {
              "version_added": null
            },
            "firefox": {
              "version_added": "63",
              "notes": "<code>path()</code> is the only value type supported.",
              "flags": [
                {
                  "type": "preference",
                  "name": "layout.css.motion-path.enabled",
                  "value_to_set": "true"
                }
              ]
            },
            "firefox_android": {
              "version_added": "63",
              "notes": "<code>path()</code> is the only value type supported.",
              "flags": [
                {
                  "type": "preference",
                  "name": "layout.css.motion-path.enabled",
                  "value_to_set": "true"
                }
              ]
            },
            "ie": {
              "version_added": null
            },
            "opera": [
              {
                "version_added": "45",
                "notes": "<code>path()</code> is the only value type supported."
              },
              {
                "alternative_name": "motion-path",
                "version_added": "32"
              }
            ],
            "opera_android": [
              {
                "version_added": "45",
                "notes": "<code>path()</code> is the only value type supported."
              },
              {
                "alternative_name": "motion-path",
                "version_added": "32"
              }
            ],
            "safari": {
              "version_added": null
            },
            "safari_ios": {
              "version_added": null
            },
            "samsunginternet_android": {
              "version_added": "6.0"
            },
            "webview_android": [
              {
                "version_added": "55",
                "notes": "<code>path()</code> is the only value type supported."
              },
              {
                "alternative_name": "motion-path",
                "version_added": "46"
              }
            ]
          },
          "status": {
            "experimental": true,
            "standard_track": true,
            "deprecated": false
          }
        },
        "path-support": {
          "__compat": {
            "description": "Supports the <code>path()</code> function as a value",
            "support": {
              "chrome": {
                "version_added": "64"
              },
              "chrome_android": {
                "version_added": "64"
              },
              "edge": {
                "version_added": null
              },
              "edge_mobile": {
                "version_added": null
              },
              "firefox": {
                "version_added": null
              },
              "firefox_android": {
                "version_added": null
              },
              "ie": {
                "version_added": null
              },
              "opera": {
                "version_added": "51"
              },
              "opera_android": {
                "version_added": "51"
              },
              "safari": {
                "version_added": null
              },
              "safari_ios": {
                "version_added": null
              },
              "samsunginternet_android": {
                "version_added": null
              },
              "webview_android": {
                "version_added": "64"
              }
            },
            "status": {
              "experimental": true,
              "standard_track": true,
              "deprecated": false
            }
          }
        }
      }
    }
  }
}
