{
  "css": {
    "properties": {
      "overflow-x": {
        "__compat": {
          "mdn_url": "https://developer.mozilla.org/docs/Web/CSS/overflow-x",
          "support": {
            "chrome": {
              "version_added": "1"
            },
            "chrome_android": {
              "version_added": true
            },
            "edge": {
              "version_added": "12"
            },
            "edge_mobile": {
              "version_added": true
            },
            "firefox": {
              "version_added": "3.5"
            },
            "firefox_android": {
              "version_added": "4"
            },
            "ie": [
              {
                "version_added": "5"
              },
              {
                "prefix": "-ms-",
                "version_added": "8"
              }
            ],
            "opera": {
              "version_added": "9.5"
            },
            "opera_android": {
              "version_added": true
            },
            "safari": {
              "version_added": "3"
            },
            "safari_ios": {
              "version_added": true
            },
            "samsunginternet_android": {
              "version_added": true
            },
            "webview_android": {
              "version_added": "1"
            }
          },
          "status": {
            "experimental": false,
            "standard_track": true,
            "deprecated": false
          }
        }
      }
    }
  }
}
