{
  "css": {
    "properties": {
      "overscroll-behavior-y": {
        "__compat": {
          "mdn_url": "https://developer.mozilla.org/docs/Web/CSS/overscroll-behavior-y",
          "support": {
            "chrome": {
              "version_added": "63"
            },
            "chrome_android": {
              "version_added": "63"
            },
            "edge": {
              "version_added": "18",
              "partial_implementation": true,
              "notes": "Currently the <code>none</code> value incorrectly behaves as <code>contain</code> (allowing for the elastic bounce effect)."
            },
            "edge_mobile": {
              "version_added": false
            },
            "firefox": {
              "version_added": "59"
            },
            "firefox_android": {
              "version_added": "59"
            },
            "ie": {
              "version_added": false
            },
            "opera": {
              "version_added": "50"
            },
            "opera_android": {
              "version_added": "50"
            },
            "safari": {
              "version_added": false
            },
            "safari_ios": {
              "version_added": false
            },
            "samsunginternet_android": {
              "version_added": false
            },
            "webview_android": {
              "version_added": "63"
            }
          },
          "status": {
            "experimental": false,
            "standard_track": true,
            "deprecated": false
          }
        }
      }
    }
  }
}
