{
  "css": {
    "properties": {
      "perspective-origin": {
        "__compat": {
          "mdn_url": "https://developer.mozilla.org/docs/Web/CSS/perspective-origin",
          "support": {
            "chrome": {
              "prefix": "-webkit-",
              "version_added": "12"
            },
            "chrome_android": {
              "version_added": null
            },
            "edge": [
              {
                "version_added": "12"
              },
              {
                "prefix": "-webkit-",
                "version_added": "12"
              }
            ],
            "edge_mobile": [
              {
                "version_added": true
              },
              {
                "prefix": "-webkit-",
                "version_added": true
              }
            ],
            "firefox": [
              {
                "version_added": "16"
              },
              {
                "prefix": "-moz-",
                "version_added": "10"
              },
              {
                "version_added": "49",
                "prefix": "-webkit-"
              },
              {
                "prefix": "-webkit-",
                "version_added": "45",
                "flags": [
                  {
                    "type": "preference",
                    "name": "layout.css.prefixes.webkit",
                    "value_to_set": "true"
                  }
                ]
              }
            ],
            "firefox_android": [
              {
                "version_added": "16"
              },
              {
                "prefix": "-moz-",
                "version_added": "10"
              },
              {
                "version_added": "49",
                "prefix": "-webkit-"
              },
              {
                "prefix": "-webkit-",
                "version_added": "45",
                "flags": [
                  {
                    "type": "preference",
                    "name": "layout.css.prefixes.webkit",
                    "value_to_set": "true"
                  }
                ]
              }
            ],
            "ie": {
              "version_added": "10"
            },
            "opera": {
              "prefix": "-webkit-",
              "version_added": "15"
            },
            "opera_android": {
              "prefix": "-webkit-",
              "version_added": true
            },
            "safari": {
              "prefix": "-webkit-",
              "version_added": true
            },
            "safari_ios": {
              "prefix": "-webkit-",
              "version_added": true
            },
            "samsunginternet_android": {
              "version_added": null
            },
            "webview_android": {
              "prefix": "-webkit-",
              "version_added": "3"
            }
          },
          "status": {
            "experimental": false,
            "standard_track": true,
            "deprecated": false
          }
        }
      }
    }
  }
}
