{
  "css": {
    "properties": {
      "rotate": {
        "__compat": {
          "mdn_url": "https://developer.mozilla.org/docs/Web/CSS/rotate",
          "support": {
            "chrome": {
              "version_added": true
            },
            "chrome_android": {
              "version_added": true
            },
            "edge": {
              "version_added": false
            },
            "edge_mobile": {
              "version_added": false
            },
            "firefox": {
              "version_added": "60",
              "flags": [
                {
                  "type": "preference",
                  "name": "layout.css.individual-transform.enabled",
                  "value_to_set": "true"
                }
              ]
            },
            "firefox_android": {
              "version_added": "60",
              "flags": [
                {
                  "type": "preference",
                  "name": "layout.css.individual-transform.enabled",
                  "value_to_set": "true"
                }
              ]
            },
            "ie": {
              "version_added": false
            },
            "opera": {
              "version_added": false
            },
            "opera_android": {
              "version_added": false
            },
            "safari": {
              "version_added": false
            },
            "safari_ios": {
              "version_added": false
            },
            "samsunginternet_android": {
              "version_added": false
            },
            "webview_android": {
              "version_added": true
            }
          },
          "status": {
            "experimental": true,
            "standard_track": true,
            "deprecated": false
          }
        },
        "x_y_z_angle": {
          "__compat": {
            "description": "x, y, or z axis name plus angle value",
            "support": {
              "chrome": {
                "version_added": true
              },
              "chrome_android": {
                "version_added": true
              },
              "edge": {
                "version_added": false
              },
              "edge_mobile": {
                "version_added": false
              },
              "firefox": {
                "version_added": "65",
                "flags": [
                  {
                    "type": "preference",
                    "name": "layout.css.individual-transform.enabled",
                    "value_to_set": "true"
                  }
                ]
              },
              "firefox_android": {
                "version_added": "65",
                "flags": [
                  {
                    "type": "preference",
                    "name": "layout.css.individual-transform.enabled",
                    "value_to_set": "true"
                  }
                ]
              },
              "ie": {
                "version_added": false
              },
              "opera": {
                "version_added": false
              },
              "opera_android": {
                "version_added": false
              },
              "safari": {
                "version_added": false
              },
              "safari_ios": {
                "version_added": false
              },
              "samsunginternet_android": {
                "version_added": false
              },
              "webview_android": {
                "version_added": true
              }
            },
            "status": {
              "experimental": true,
              "standard_track": true,
              "deprecated": false
            }
          }
        }
      }
    }
  }
}
