{
  "css": {
    "properties": {
      "row-gap": {
        "flex_context": {
          "__compat": {
            "description": "Supported in Flex Layout",
            "mdn_url": "https://developer.mozilla.org/docs/Web/CSS/row-gap",
            "support": {
              "chrome": {
                "version_added": null
              },
              "chrome_android": {
                "version_added": null
              },
              "edge": {
                "version_added": null
              },
              "edge_mobile": {
                "version_added": false
              },
              "firefox": {
                "version_added": "63"
              },
              "firefox_android": {
                "version_added": "63"
              },
              "ie": {
                "version_added": false
              },
              "opera": {
                "version_added": null
              },
              "opera_android": {
                "version_added": null
              },
              "qq_android": {
                "version_added": null
              },
              "safari": {
                "version_added": false
              },
              "safari_ios": {
                "version_added": false
              },
              "samsunginternet_android": {
                "version_added": null
              },
              "uc_android": {
                "version_added": null
              },
              "uc_chinese_android": {
                "version_added": null
              },
              "webview_android": {
                "version_added": null
              }
            },
            "status": {
              "experimental": false,
              "standard_track": true,
              "deprecated": false
            }
          }
        },
        "grid_context": {
          "__compat": {
            "description": "Supported in Grid Layout",
            "mdn_url": "https://developer.mozilla.org/docs/Web/CSS/row-gap",
            "support": {
              "chrome": [
                {
                  "version_added": "66"
                },
                {
                  "version_added": "57",
                  "alternative_name": "grid-row-gap"
                },
                {
                  "version_added": "29",
                  "alternative_name": "grid-row-gap",
                  "flags": [
                    {
                      "type": "preference",
                      "name": "Enable experimental Web Platform features"
                    }
                  ]
                }
              ],
              "chrome_android": [
                {
                  "version_added": "66"
                },
                {
                  "version_added": "57",
                  "alternative_name": "grid-row-gap"
                },
                {
                  "version_added": "29",
                  "flags": [
                    {
                      "type": "preference",
                      "name": "Enable experimental Web Platform features"
                    }
                  ]
                }
              ],
              "edge": [
                {
                  "version_added": "16"
                },
                {
                  "version_added": "16",
                  "alternative_name": "grid-row-gap"
                }
              ],
              "edge_mobile": {
                "version_added": false
              },
              "firefox": [
                {
                  "version_added": "61"
                },
                {
                  "version_added": "52",
                  "alternative_name": "grid-row-gap"
                },
                {
                  "version_added": "40",
                  "alternative_name": "grid-row-gap",
                  "flags": [
                    {
                      "type": "preference",
                      "name": "layout.css.grid.enabled",
                      "value_to_set": "true"
                    }
                  ]
                }
              ],
              "firefox_android": [
                {
                  "version_added": "61"
                },
                {
                  "version_added": "52",
                  "alternative_name": "grid-row-gap"
                },
                {
                  "version_added": "40",
                  "alternative_name": "grid-row-gap",
                  "flags": [
                    {
                      "type": "preference",
                      "name": "layout.css.grid.enabled",
                      "value_to_set": "true"
                    }
                  ]
                }
              ],
              "ie": {
                "version_added": false
              },
              "opera": [
                {
                  "version_added": "53"
                },
                {
                  "version_added": "44",
                  "alternative_name": "grid-row-gap"
                },
                {
                  "version_added": "28",
                  "alternative_name": "grid-row-gap",
                  "flags": [
                    {
                      "type": "preference",
                      "name": "Enable experimental Web Platform features"
                    }
                  ]
                }
              ],
              "opera_android": [
                {
                  "version_added": "53"
                },
                {
                  "version_added": "44",
                  "alternative_name": "grid-row-gap"
                }
              ],
              "qq_android": {
                "version_added": null
              },
              "safari": {
                "version_added": "10.1",
                "alternative_name": "grid-row-gap"
              },
              "safari_ios": {
                "version_added": "10.3",
                "alternative_name": "grid-row-gap"
              },
              "samsunginternet_android": {
                "version_added": "6.0",
                "alternative_name": "grid-row-gap"
              },
              "uc_android": {
                "version_added": null
              },
              "uc_chinese_android": {
                "version_added": null
              },
              "webview_android": [
                {
                  "version_added": "66"
                },
                {
                  "version_added": "57",
                  "alternative_name": "grid-row-gap"
                }
              ]
            },
            "status": {
              "experimental": false,
              "standard_track": true,
              "deprecated": false
            }
          }
        }
      }
    }
  }
}
