{
  "css": {
    "properties": {
      "ruby-position": {
        "__compat": {
          "mdn_url": "https://developer.mozilla.org/docs/Web/CSS/ruby-position",
          "support": {
            "chrome": {
              "version_added": false
            },
            "chrome_android": {
              "version_added": null
            },
            "edge": {
              "version_added": "12"
            },
            "edge_mobile": {
              "version_added": true
            },
            "firefox": {
              "version_added": "38"
            },
            "firefox_android": {
              "version_added": "38"
            },
            "ie": {
              "version_added": false,
              "notes": "Internet Explorer 9 and later support an old draft values: <code>inline</code> (equivalent of having <code>display: inline</code> on the ruby), and <code>above</code> (synonym of the modern <code>over</code>)."
            },
            "opera": {
              "version_added": null
            },
            "opera_android": {
              "version_added": false
            },
            "safari": {
              "version_added": false,
              "notes": "Safari implements a non-standard, prefixed, version of <code>ruby-position</code>, <code>-webkit-ruby-position</code>: it has two properties: <code>before</code> and <code>after</code> (both equivalent, for ltr and rtl scripts to the standard <code>over</code> value used with <code>ruby-align: start</code>)."
            },
            "safari_ios": {
              "version_added": false,
              "notes": "Safari implements a non-standard, prefixed, version of <code>ruby-position</code>, <code>-webkit-ruby-position</code>: it has two properties: <code>before</code> and <code>after</code> (both equivalent, for ltr and rtl scripts to the standard <code>over</code> value used with <code>ruby-align: start</code>)."
            },
            "samsunginternet_android": {
              "version_added": false
            },
            "webview_android": {
              "version_added": false
            }
          },
          "status": {
            "experimental": true,
            "standard_track": true,
            "deprecated": false
          }
        },
        "inter-character": {
          "__compat": {
            "description": "<code>inter-character</code>",
            "support": {
              "chrome": {
                "version_added": false
              },
              "chrome_android": {
                "version_added": null
              },
              "edge": {
                "version_added": null
              },
              "edge_mobile": {
                "version_added": false
              },
              "firefox": {
                "version_added": false
              },
              "firefox_android": {
                "version_added": false
              },
              "ie": {
                "version_added": false
              },
              "opera": {
                "version_added": null
              },
              "opera_android": {
                "version_added": false
              },
              "safari": {
                "version_added": false
              },
              "safari_ios": {
                "version_added": false
              },
              "samsunginternet_android": {
                "version_added": false
              },
              "webview_android": {
                "version_added": false
              }
            },
            "status": {
              "experimental": true,
              "standard_track": true,
              "deprecated": false
            }
          }
        }
      }
    }
  }
}
