{
  "css": {
    "properties": {
      "scroll-snap-type-y": {
        "__compat": {
          "mdn_url": "https://developer.mozilla.org/docs/Web/CSS/scroll-snap-type-y",
          "support": {
            "chrome": {
              "version_added": false
            },
            "chrome_android": {
              "version_added": null
            },
            "edge": {
              "version_added": false
            },
            "edge_mobile": {
              "version_added": false
            },
            "firefox": {
              "version_added": "39"
            },
            "firefox_android": [
              {
                "version_added": "46"
              },
              {
                "version_added": "39",
                "flags": [
                  {
                    "type": "preference",
                    "name": "layout.css.scroll-snap.enabled",
                    "value_to_set": "true"
                  }
                ]
              }
            ],
            "ie": {
              "version_added": false
            },
            "opera": {
              "version_added": false
            },
            "opera_android": {
              "version_added": false
            },
            "safari": {
              "version_added": false
            },
            "safari_ios": {
              "version_added": false
            },
            "samsunginternet_android": {
              "version_added": false
            },
            "webview_android": {
              "version_added": false
            }
          },
          "status": {
            "experimental": false,
            "standard_track": false,
            "deprecated": true
          }
        }
      }
    }
  }
}
