{
  "css": {
    "properties": {
      "text-combine-upright": {
        "__compat": {
          "mdn_url": "https://developer.mozilla.org/docs/Web/CSS/text-combine-upright",
          "support": {
            "chrome": [
              {
                "version_added": "48"
              },
              {
                "partial_implementation": true,
                "alternative_name": "-webkit-text-combine",
                "version_added": true,
                "notes": "This property was initially named <code>-webkit-text-combine</code> according to a <a href='http://www.w3.org/TR/2011/WD-css3-writing-modes-20110531/#text-combine'>2011 version of the CSS3 Writing Modes specification</a>, supporting the values <code>none</code> and <code>horizontal</code> without <code>digits</code>."
              }
            ],
            "chrome_android": {
              "version_added": "48"
            },
            "edge": {
              "version_added": "15"
            },
            "edge_mobile": {
              "version_added": true
            },
            "firefox": [
              {
                "version_added": "48",
                "notes": "Before version 48, Firefox did not implement layout support for tate-chū-yoko."
              },
              {
                "version_added": "41",
                "flags": [
                  {
                    "type": "preference",
                    "name": "layout.css.text-combine-upright.enabled",
                    "value_to_set": "true"
                  }
                ]
              },
              {
                "version_added": "31",
                "version_removed": true,
                "flags": [
                  {
                    "type": "preference",
                    "name": "layout.css.vertical-text.enabled",
                    "value_to_set": "true"
                  }
                ]
              },
              {
                "version_added": "26",
                "version_removed": "31",
                "alternative_name": "text-combine-horizontal",
                "flags": [
                  {
                    "type": "preference",
                    "name": "layout.css.vertical-text.enabled",
                    "value_to_set": "true"
                  }
                ]
              }
            ],
            "firefox_android": [
              {
                "version_added": "48",
                "notes": "Before version 48, Firefox did not implement layout support for tate-chū-yoko."
              },
              {
                "version_added": "41",
                "flags": [
                  {
                    "type": "preference",
                    "name": "layout.css.text-combine-upright.enabled",
                    "value_to_set": "true"
                  }
                ]
              },
              {
                "version_added": "31",
                "version_removed": true,
                "flags": [
                  {
                    "type": "preference",
                    "name": "layout.css.vertical-text.enabled",
                    "value_to_set": "true"
                  }
                ]
              },
              {
                "version_added": "26",
                "version_removed": "31",
                "alternative_name": "text-combine-horizontal",
                "flags": [
                  {
                    "type": "preference",
                    "name": "layout.css.vertical-text.enabled",
                    "value_to_set": "true"
                  }
                ]
              }
            ],
            "ie": {
              "version_added": "11",
              "alternative_name": "-ms-text-combine-horizontal"
            },
            "opera": [
              {
                "version_added": true
              },
              {
                "partial_implementation": true,
                "alternative_name": "-webkit-text-combine",
                "version_added": true,
                "notes": "This property was initially named <code>-webkit-text-combine</code> according to a <a href='http://www.w3.org/TR/2011/WD-css3-writing-modes-20110531/#text-combine'>2011 version of the CSS3 Writing Modes specification</a>, supporting the values <code>none</code> and <code>horizontal</code> without digits."
              }
            ],
            "opera_android": {
              "version_added": false
            },
            "safari": {
              "partial_implementation": true,
              "alternative_name": "-webkit-text-combine",
              "version_added": true,
              "notes": "This property was initially named <code>-webkit-text-combine</code> according to a <a href='http://www.w3.org/TR/2011/WD-css3-writing-modes-20110531/#text-combine'>2011 version of the CSS3 Writing Modes specification</a>, supporting the values <code>none</code> and <code>horizontal</code> without digits."
            },
            "safari_ios": {
              "version_added": false
            },
            "samsunginternet_android": {
              "version_added": "5.0"
            },
            "webview_android": {
              "version_added": "48"
            }
          },
          "status": {
            "experimental": false,
            "standard_track": true,
            "deprecated": false
          }
        },
        "digits": {
          "__compat": {
            "description": "<code>digits</code>",
            "support": {
              "chrome": {
                "version_added": false
              },
              "chrome_android": {
                "version_added": null
              },
              "edge": {
                "version_added": null
              },
              "edge_mobile": {
                "version_added": null
              },
              "firefox": {
                "version_added": "48",
                "flags": [
                  {
                    "type": "preference",
                    "name": "layout.css.text-combine-upright-digits.enabled",
                    "value_to_set": "true"
                  }
                ],
                "notes": "Firefox recognizes this value but does not yet implement layout support for tate-chū-yoko (see <a href='https://bugzil.la/1258635'>bug 1258635</a>)."
              },
              "firefox_android": {
                "version_added": "48",
                "flags": [
                  {
                    "type": "preference",
                    "name": "layout.css.text-combine-upright-digits.enabled",
                    "value_to_set": "true"
                  }
                ],
                "notes": "Firefox recognizes this value but does not yet implement layout support for tate-chū-yoko (see <a href='https://bugzil.la/1258635'>bug 1258635</a>)."
              },
              "ie": {
                "version_added": true
              },
              "opera": {
                "version_added": false
              },
              "opera_android": {
                "version_added": null
              },
              "safari": {
                "version_added": null
              },
              "safari_ios": {
                "version_added": null
              },
              "samsunginternet_android": {
                "version_added": false
              },
              "webview_android": {
                "version_added": null
              }
            },
            "status": {
              "experimental": false,
              "standard_track": true,
              "deprecated": false
            }
          }
        }
      }
    }
  }
}
