{
  "css": {
    "properties": {
      "text-align-last": {
        "__compat": {
          "mdn_url": "https://developer.mozilla.org/docs/Web/CSS/text-align-last",
          "support": {
            "chrome": [
              {
                "version_added": "47"
              },
              {
                "version_added": "35",
                "version_removed": "47",
                "flags": [
                  {
                    "type": "preference",
                    "name": "Enable Experimental Web Platform Features",
                    "value_to_set": "true"
                  }
                ]
              }
            ],
            "chrome_android": [
              {
                "version_added": "47"
              },
              {
                "version_added": "35",
                "version_removed": "47",
                "flags": [
                  {
                    "type": "preference",
                    "name": "Enable Experimental Web Platform Features",
                    "value_to_set": "true"
                  }
                ]
              }
            ],
            "edge": {
              "version_added": "12"
            },
            "edge_mobile": {
              "version_added": true
            },
            "firefox": [
              {
                "version_added": "49"
              },
              {
                "prefix": "-moz-",
                "version_added": "12",
                "version_removed": "53"
              }
            ],
            "firefox_android": [
              {
                "version_added": "49"
              },
              {
                "prefix": "-moz-",
                "version_added": "14",
                "version_removed": "53"
              }
            ],
            "ie": {
              "version_added": true,
              "partial_implementation": true,
              "notes": [
                "IE only supports <code>text-align-last</code> when <code>text-align</code> is set to <code>justify</code>.",
                "The <code>start</code> and <code>end</code> values are not supported."
              ]
            },
            "opera": {
              "version_added": true
            },
            "opera_android": {
              "version_added": true
            },
            "safari": {
              "version_added": false,
              "notes": "See WebKit <a href='https://webkit.org/b/76173'>bug 76173</a>."
            },
            "safari_ios": {
              "version_added": false,
              "notes": "See WebKit <a href='https://webkit.org/b/76173'>bug 76173</a>."
            },
            "samsunginternet_android": {
              "version_added": "5.0"
            },
            "webview_android": [
              {
                "version_added": "47"
              },
              {
                "version_added": "37",
                "version_removed": "47",
                "flags": [
                  {
                    "type": "preference",
                    "name": "Enable Experimental Web Platform Features",
                    "value_to_set": "true"
                  }
                ]
              }
            ]
          },
          "status": {
            "experimental": true,
            "standard_track": true,
            "deprecated": false
          }
        }
      }
    }
  }
}
