{
  "css": {
    "properties": {
      "text-emphasis": {
        "__compat": {
          "mdn_url": "https://developer.mozilla.org/docs/Web/CSS/text-emphasis",
          "support": {
            "chrome": {
              "prefix": "-webkit-",
              "version_added": "25"
            },
            "chrome_android": {
              "version_added": null
            },
            "edge": {
              "version_added": null
            },
            "edge_mobile": {
              "version_added": null
            },
            "firefox": [
              {
                "version_added": "46"
              },
              {
                "version_added": "45",
                "version_removed": "49",
                "flags": [
                  {
                    "type": "preference",
                    "name": "layout.css.text-emphasis.enabled",
                    "value_to_set": "true"
                  }
                ]
              }
            ],
            "firefox_android": [
              {
                "version_added": "46"
              },
              {
                "version_added": "45",
                "version_removed": "49",
                "flags": [
                  {
                    "type": "preference",
                    "name": "layout.css.text-emphasis.enabled",
                    "value_to_set": "true"
                  }
                ]
              }
            ],
            "ie": {
              "version_added": false
            },
            "opera": {
              "prefix": "-webkit-",
              "version_added": "15"
            },
            "opera_android": {
              "prefix": "-webkit-",
              "version_added": "33"
            },
            "safari": [
              {
                "version_added": true
              },
              {
                "prefix": "-webkit-",
                "version_added": "6.1"
              }
            ],
            "safari_ios": {
              "version_added": "7.1"
            },
            "samsunginternet_android": {
              "version_added": null
            },
            "webview_android": {
              "prefix": "-webkit-",
              "version_added": "4.4"
            }
          },
          "status": {
            "experimental": false,
            "standard_track": true,
            "deprecated": false
          }
        }
      }
    }
  }
}
