{
  "css": {
    "properties": {
      "text-orientation": {
        "__compat": {
          "mdn_url": "https://developer.mozilla.org/docs/Web/CSS/text-orientation",
          "support": {
            "chrome": [
              {
                "version_added": "48"
              },
              {
                "prefix": "-webkit-",
                "version_added": true
              }
            ],
            "chrome_android": [
              {
                "version_added": "48"
              },
              {
                "prefix": "-webkit-",
                "version_added": true
              }
            ],
            "edge": {
              "version_added": null
            },
            "edge_mobile": {
              "version_added": null
            },
            "firefox": [
              {
                "version_added": "41"
              },
              {
                "version_added": "38",
                "version_removed": "51",
                "flags": [
                  {
                    "type": "preference",
                    "name": "layout.css.vertical-text.enabled",
                    "value_to_set": "true"
                  }
                ]
              }
            ],
            "firefox_android": [
              {
                "version_added": "41"
              },
              {
                "version_added": "38",
                "version_removed": "51",
                "flags": [
                  {
                    "type": "preference",
                    "name": "layout.css.vertical-text.enabled",
                    "value_to_set": "true"
                  }
                ]
              }
            ],
            "ie": {
              "version_added": false
            },
            "opera": {
              "prefix": "-webkit-",
              "version_added": true
            },
            "opera_android": {
              "version_added": false
            },
            "safari": {
              "version_added": false
            },
            "safari_ios": {
              "version_added": false
            },
            "samsunginternet_android": [
              {
                "version_added": "5.0"
              },
              {
                "prefix": "-webkit-",
                "version_added": true
              }
            ],
            "webview_android": [
              {
                "version_added": "48"
              },
              {
                "prefix": "-webkit-",
                "version_added": true
              }
            ]
          },
          "status": {
            "experimental": false,
            "standard_track": true,
            "deprecated": false
          }
        },
        "sideways": {
          "__compat": {
            "description": "<code>sideways</code>",
            "support": {
              "chrome": {
                "version_added": false
              },
              "chrome_android": {
                "version_added": false
              },
              "edge": {
                "version_added": null
              },
              "edge_mobile": {
                "version_added": null
              },
              "firefox": {
                "version_added": "44",
                "notes": "<code>sideways-right</code> has become an alias of <code>sideways</code>."
              },
              "firefox_android": {
                "version_added": "44",
                "notes": "<code>sideways-right</code> has become an alias of <code>sideways</code>."
              },
              "ie": {
                "version_added": false
              },
              "opera": {
                "version_added": false
              },
              "opera_android": {
                "version_added": false
              },
              "safari": {
                "version_added": false
              },
              "safari_ios": {
                "version_added": false
              },
              "samsunginternet_android": {
                "version_added": false
              },
              "webview_android": {
                "version_added": false
              }
            },
            "status": {
              "experimental": false,
              "standard_track": true,
              "deprecated": false
            }
          }
        }
      }
    }
  }
}
