{
  "css": {
    "properties": {
      "text-decoration-skip": {
        "__compat": {
          "mdn_url": "https://developer.mozilla.org/docs/Web/CSS/text-decoration-skip",
          "support": {
            "chrome": {
              "version_added": "57",
              "version_removed": "64",
              "notes": "Only supports the deprecated <code>ink</code> value."
            },
            "chrome_android": {
              "version_added": "57",
              "version_removed": "64",
              "notes": "Only supports the deprecated <code>ink</code> value."
            },
            "edge": {
              "version_added": false
            },
            "edge_mobile": {
              "version_added": false
            },
            "firefox": {
              "version_added": false
            },
            "firefox_android": {
              "version_added": false
            },
            "ie": {
              "version_added": false
            },
            "opera": {
              "version_added": "44",
              "version_removed": "50",
              "notes": "Only supports the deprecated <code>ink</code> value."
            },
            "opera_android": {
              "version_added": "44",
              "version_removed": "50",
              "notes": "Only supports the deprecated <code>ink</code> value."
            },
            "safari": {
              "version_added": "8",
              "prefix": "-webkit-",
              "notes": "Only supports the <code>none</code> and <code>skip</code> values; all other values behave like those two values."
            },
            "safari_ios": {
              "version_added": "8",
              "prefix": "-webkit-",
              "notes": "Only supports the <code>none</code> and <code>skip</code> values; all other values behave like those two values."
            },
            "samsunginternet_android": {
              "version_added": "7.0"
            },
            "webview_android": {
              "version_added": "57",
              "version_removed": "64",
              "notes": "Only supports the deprecated <code>ink</code> value."
            }
          },
          "status": {
            "experimental": true,
            "standard_track": true,
            "deprecated": false
          }
        }
      }
    }
  }
}
